id,focus,signal,slack,drag,confidence,score,lane,kind,invariant
g001,quorum health,43,35,14,41,176,watch,baseline,monotonic-signal
g002,lease drift,87,61,33,39,235,ship,edge,drag-penalty
g003,replica lag,69,42,23,47,228,ship,recovery,confidence-floor
g004,membership churn,63,35,40,51,126,watch,negative,lane-boundary
g005,quorum health,108,69,8,101,555,ship,baseline,monotonic-signal
g006,lease drift,90,53,15,87,422,ship,edge,drag-penalty
g007,replica lag,40,48,41,42,47,hold,recovery,confidence-floor
g008,membership churn,107,13,13,24,317,ship,negative,lane-boundary
g009,quorum health,56,33,22,62,215,ship,baseline,monotonic-signal
g010,lease drift,78,10,28,43,190,watch,edge,drag-penalty
g011,replica lag,92,36,11,38,333,ship,recovery,confidence-floor
g012,membership churn,103,17,4,40,386,ship,negative,lane-boundary
g013,quorum health,112,45,27,88,422,ship,baseline,monotonic-signal
g014,lease drift,76,61,15,31,276,ship,edge,drag-penalty
g015,replica lag,105,72,11,50,432,ship,recovery,confidence-floor
g016,membership churn,35,10,31,64,88,hold,negative,lane-boundary
g017,quorum health,48,51,22,75,235,ship,baseline,monotonic-signal
g018,lease drift,102,74,40,85,350,ship,edge,drag-penalty
g019,replica lag,88,18,8,52,346,ship,recovery,confidence-floor
g020,membership churn,41,63,15,40,191,watch,negative,lane-boundary
g021,quorum health,65,53,20,38,224,ship,baseline,monotonic-signal
g022,lease drift,36,15,24,46,95,hold,edge,drag-penalty
g023,replica lag,113,34,6,50,443,ship,recovery,confidence-floor
g024,membership churn,67,11,41,100,207,ship,negative,lane-boundary
g025,quorum health,48,17,18,86,243,ship,baseline,monotonic-signal
g026,lease drift,86,77,8,41,377,ship,edge,drag-penalty
g027,replica lag,108,75,25,23,320,ship,recovery,confidence-floor
g028,membership churn,35,41,35,61,93,hold,negative,lane-boundary
g029,quorum health,46,62,42,42,74,hold,baseline,monotonic-signal
g030,lease drift,99,40,26,37,281,ship,edge,drag-penalty
g031,replica lag,85,66,40,39,199,ship,recovery,confidence-floor
g032,membership churn,84,47,7,87,438,ship,negative,lane-boundary
g033,quorum health,40,40,13,30,155,watch,baseline,monotonic-signal
g034,lease drift,110,74,38,49,312,ship,edge,drag-penalty
g035,replica lag,104,58,31,63,341,ship,recovery,confidence-floor
g036,membership churn,61,53,12,74,324,ship,negative,lane-boundary
g037,quorum health,43,18,42,84,105,hold,baseline,monotonic-signal
g038,lease drift,81,38,38,51,193,ship,edge,drag-penalty
g039,replica lag,60,15,16,39,193,ship,recovery,confidence-floor
g040,membership churn,97,41,7,37,371,ship,negative,lane-boundary
g041,quorum health,31,22,25,45,80,hold,baseline,monotonic-signal
g042,lease drift,45,50,35,49,108,hold,edge,drag-penalty
g043,replica lag,56,66,42,99,222,ship,recovery,confidence-floor
g044,membership churn,65,77,5,85,417,ship,negative,lane-boundary
g045,quorum health,117,15,9,40,401,ship,baseline,monotonic-signal
g046,lease drift,58,56,33,22,109,hold,edge,drag-penalty
g047,replica lag,76,9,26,60,227,ship,recovery,confidence-floor
g048,membership churn,89,23,45,41,147,watch,negative,lane-boundary
g049,quorum health,55,68,35,36,130,watch,baseline,monotonic-signal
g050,lease drift,41,58,10,38,207,ship,edge,drag-penalty
g051,replica lag,82,20,20,86,338,ship,recovery,confidence-floor
g052,membership churn,106,39,27,29,280,ship,negative,lane-boundary
g053,quorum health,77,16,11,48,288,ship,baseline,monotonic-signal
g054,lease drift,66,22,25,62,219,ship,edge,drag-penalty
g055,replica lag,108,12,34,73,312,ship,recovery,confidence-floor
g056,membership churn,89,10,40,83,243,ship,negative,lane-boundary
g057,quorum health,39,46,23,50,148,watch,baseline,monotonic-signal
g058,lease drift,61,67,16,38,246,ship,edge,drag-penalty
g059,replica lag,76,45,39,36,150,watch,recovery,confidence-floor
g060,membership churn,87,71,27,44,285,ship,negative,lane-boundary
g061,quorum health,52,52,23,48,189,watch,baseline,monotonic-signal
g062,lease drift,38,45,43,98,140,watch,edge,drag-penalty
g063,replica lag,37,9,34,84,118,watch,recovery,confidence-floor
g064,membership churn,81,63,10,39,334,ship,negative,lane-boundary
g065,quorum health,63,58,20,21,189,watch,baseline,monotonic-signal
g066,lease drift,57,23,27,59,177,watch,edge,drag-penalty
g067,replica lag,102,43,32,40,269,ship,recovery,confidence-floor
g068,membership churn,84,20,36,35,162,watch,negative,lane-boundary
g069,quorum health,34,46,18,37,132,watch,baseline,monotonic-signal
g070,lease drift,101,27,11,85,445,ship,edge,drag-penalty
g071,replica lag,50,55,30,28,111,hold,recovery,confidence-floor
g072,membership churn,72,71,20,47,281,ship,negative,lane-boundary
g073,quorum health,86,12,37,61,207,ship,baseline,monotonic-signal
g074,lease drift,97,20,5,72,430,ship,edge,drag-penalty
g075,replica lag,106,61,12,82,483,ship,recovery,confidence-floor
g076,membership churn,70,14,38,49,132,watch,negative,lane-boundary
g077,quorum health,99,28,10,37,349,ship,baseline,monotonic-signal
g078,lease drift,117,73,19,35,399,ship,edge,drag-penalty
g079,replica lag,42,63,25,43,150,watch,recovery,confidence-floor
g080,membership churn,96,25,8,47,367,ship,negative,lane-boundary
g081,quorum health,82,44,43,97,269,ship,baseline,monotonic-signal
g082,lease drift,35,21,24,83,172,watch,edge,drag-penalty
g083,replica lag,59,27,12,38,220,ship,recovery,confidence-floor
g084,membership churn,30,17,8,20,107,hold,negative,lane-boundary
g085,quorum health,107,15,28,58,312,ship,baseline,monotonic-signal
g086,lease drift,61,51,19,39,217,ship,edge,drag-penalty
g087,replica lag,42,72,37,34,81,hold,recovery,confidence-floor
g088,membership churn,80,50,5,36,337,ship,negative,lane-boundary
g089,quorum health,102,76,12,84,490,ship,baseline,monotonic-signal
g090,lease drift,117,57,17,27,377,ship,edge,drag-penalty
g091,replica lag,40,50,21,46,157,watch,recovery,confidence-floor
g092,membership churn,93,14,45,60,188,watch,negative,lane-boundary
g093,quorum health,79,68,38,71,257,ship,baseline,monotonic-signal
g094,lease drift,78,63,15,81,384,ship,edge,drag-penalty
g095,replica lag,34,28,5,48,201,ship,recovery,confidence-floor
g096,membership churn,104,48,22,36,322,ship,negative,lane-boundary
